Login,Password
debug_ilya001@group1.com,a123456A*
debug_ilya002@group1.com,a123456A*
debug_ilya003@group1.com,a123456A*
debug_ilya004@group1.com,a123456A*
debug_ilya006@group1.com,a123456A*
debug_ilya006@group1.com,a123456A*
debug_ilya007@group1.com,a123456A*
debug_ilya008@group1.com,a123456A*
debug_ilya009@group1.com,a123456A*
debug_ilya010@group1.com,a123456A*
debug_ilya010@group1.com,a123456A*
debug_ilya011@group1.com,a123456A*
debug_ilya012@group1.com,a123456A*
debug_ilya013@group1.com,a123456A*
debug_ilya014@group1.com,a123456A*
debug_ilya014@group1.com,a123456A*
debug_ilya015@group1.com,a123456A*
debug_ilya016@group1.com,a123456A*
debug_ilya017@group1.com,a123456A*
debug_ilya018@group1.com,a123456A*
debug_ilya019@group1.com,a123456A*
debug_ilya020@group1.com,a123456A*
debug_ilya021@group1.com,a123456A*
debug_ilya022@group1.com,a123456A*
debug_ilya023@group1.com,a123456A*
debug_ilya024@group1.com,a123456A*
debug_ilya025@group1.com,a123456A*
debug_ilya026@group1.com,a123456A*
debug_ilya027@group1.com,a123456A*
debug_ilya028@group1.com,a123456A*
debug_ilya029@group1.com,a123456A*
debug_ilya029@group1.com,a123456A*
debug_ilya030@group1.com,a123456A*
debug_ilya031@group1.com,a123456A*
debug_ilya032@group1.com,a123456A*
debug_ilya033@group1.com,a123456A*
debug_ilya034@group1.com,a123456A*
debug_ilya035@group1.com,a123456A*
debug_ilya036@group1.com,a123456A*
debug_ilya037@group1.com,a123456A*
debug_ilya037@group1.com,a123456A*
debug_ilya038@group1.com,a123456A*
debug_ilya039@group1.com,a123456A*
debug_ilya040@group1.com,a123456A*
debug_ilya041@group1.com,a123456A*
debug_ilya042@group1.com,a123456A*
debug_ilya043@group1.com,a123456A*
debug_ilya044@group1.com,a123456A*
debug_ilya045@group1.com,a123456A*
debug_ilya046@group1.com,a123456A*
debug_ilya047@group1.com,a123456A*
debug_ilya045@group1.com,a123456A*
debug_ilya048@group1.com,a123456A*
